{
    "bestTestCorrelation": 0.9999998278110503,
    "bestTestLoss": 0.12793675065040588,
    "bestTestOverfitting": -0.951443015244004,
    "testCorrelationMax": 0.9999998278110503,
    "testCorrelationAvg": 0.8423555377770847,
    "testCorrelationVar": 0.102824182630585,
    "testLossMin": 0.0005358152557164431,
    "testLossAvg": 39986431.21430833,
    "testLossVar": 2.3039734138542308e+16,
    "overfittingMin": -0.9999999936799271,
    "overfittingAvg": 0.04213962356144203,
    "overfittingVar": 0.8267538971975306,
    "testLoss": [
        0.011809309013187885,
        0.07968630641698837,
        4519.96435546875,
        0.0051919990219175816,
        1128.3919677734375,
        121463608.0,
        667950976.0,
        0.03833932429552078,
        55.346187591552734,
        0.1098441407084465,
        1.5530709028244019,
        603951872.0,
        0.03352724388241768,
        0.8852497935295105,
        0.0012765333522111177,
        0.011974237859249115,
        348789536.0,
        126.41780853271484,
        0.035516925156116486,
        847049.5,
        21.072093963623047,
        239.431396484375,
        0.07112047076225281,
        0.09883110225200653,
        1.3184089660644531,
        0.12793675065040588,
        0.14439788460731506,
        0.0678134560585022,
        497.3690490722656,
        0.03234522044658661,
        0.1546074002981186,
        116433168.0,
        0.6212082505226135,
        0.9203606843948364,
        2609.4296875,
        0.04558577015995979,
        0.6161181926727295,
        0.07777462154626846,
        32.52373504638672,
        256575648.0,
        22.455137252807617,
        0.004825243726372719,
        0.7818537950515747,
        0.08887636661529541,
        0.30037233233451843,
        0.32259464263916016,
        1.8421951532363892,
        0.18658263981342316,
        0.48337244987487793,
        694325440.0,
        0.0005358152557164431,
        0.039801884442567825,
        0.012636998668313026,
        0.11888736486434937,
        97890.0625,
        62437652.0,
        0.003288896521553397,
        585364.625,
        15.16748046875,
        411.294677734375,
        0.08195197582244873,
        55.4538459777832,
        17.708232879638672,
        104.66228485107422,
        0.1443638801574707,
        3.0839450359344482,
        68.72167205810547,
        23319.583984375,
        11.26581859588623,
        785.4940795898438,
        0.17867179214954376,
        0.043418753892183304,
        325.3583679199219,
        0.01211788784712553,
        14.046607971191406,
        0.00072413933230564,
        0.15409526228904724,
        9.369039535522461,
        0.15600121021270752,
        48.941959381103516,
        137.19981384277344,
        97261.3828125,
        1.1288701295852661,
        0.002080882666632533,
        0.3316816985607147,
        0.046818628907203674,
        0.12624482810497284,
        228715600.0,
        0.0753188207745552,
        416.58819580078125,
        1.7947616577148438,
        278019232.0,
        0.21222737431526184,
        0.0007046153768897057,
        0.09920680522918701,
        0.9604830145835876,
        166340.578125,
        183.3750762939453,
        7.307519435882568,
        0.04126564413309097,
        1117660416.0,
        0.9783143997192383,
        0.5824486017227173,
        3.0088717937469482,
        0.0847800001502037,
        14767.3876953125,
        0.001932046259753406,
        194.87672424316406,
        90.2434310913086,
        1.2433487176895142,
        0.5666529536247253,
        0.005726631265133619,
        250369904.0,
        0.08536622673273087,
        837.0987548828125,
        0.48624086380004883,
        2.7437727451324463,
        0.3048242926597595,
        0.006825517397373915,
        49833684.0
    ],
    "testCorrelation": [
        -0.157725223494244,
        0.6946481603101335,
        0.9999984631181283,
        0.9999908534416795,
        0.9999991933833696,
        0.9999988548301558,
        0.9496720647453848,
        0.6875817098643048,
        0.9999955910420486,
        0.9999910181739248,
        0.9999921683627601,
        0.9665475006425215,
        0.9999916090097795,
        0.7486980751887781,
        -0.2859185441078084,
        0.6873036500599337,
        0.8865318188759304,
        0.9353951392692881,
        0.9999899280754501,
        0.7696474268796546,
        0.9044654136246608,
        0.9043074183024343,
        0.6985872841800456,
        0.9999994595705515,
        0.9999781390939888,
        0.9999998278110503,
        0.9999987910914042,
        0.9999977381088091,
        0.9770244034843409,
        0.9999957992659058,
        0.9716059669795318,
        0.9999924410009319,
        0.9228226562337501,
        0.9998829086467224,
        0.9999590301487756,
        0.9999897655384935,
        0.9999807063435481,
        0.9999971788352707,
        -0.25890874330240315,
        0.9999926902425719,
        0.0009112448781638572,
        0.9999883325716892,
        0.9999935042362396,
        0.999996190003447,
        -0.12056419736669984,
        0.3995607415858949,
        -0.13525047598643175,
        0.6923500358252238,
        0.9433991177399266,
        0.0007813787319520714,
        0.6836246210102132,
        0.9626542946023129,
        0.9999933491080426,
        0.9552427072146946,
        0.8236853053988483,
        0.9097236907133232,
        0.6858311853475815,
        0.9999983861618387,
        0.8980518224167755,
        0.999994492430294,
        0.9999981840265797,
        0.9473264724537509,
        0.9332119476938185,
        0.9999973758181302,
        0.9999989564567179,
        0.9087624066538381,
        0.9782099091615277,
        0.9456308616254125,
        0.9548738792430977,
        0.9998601074680799,
        0.9999826774811096,
        0.9999960367892712,
        0.9175246993279786,
        0.9091498256712768,
        0.9078557342231447,
        0.9999920844576808,
        0.9999988674702495,
        0.9866984186216712,
        0.9367438928951284,
        0.890748776334903,
        0.8206910502256668,
        0.9190430610247037,
        0.7393866328260863,
        0.6854830301605024,
        0.999861086568859,
        0.9998600865261134,
        0.9655981146334891,
        0.999992413037782,
        0.9999986770832733,
        0.9999464997435308,
        0.9841270721680171,
        0.8771683877733438,
        0.999998299786734,
        0.9999928761398906,
        0.9999917070817387,
        0.9999992900426654,
        0.942017832747076,
        0.9731600483868922,
        0.9705695617475618,
        0.6760983538667158,
        -0.2394364205571632,
        0.6336098906713944,
        0.9093172721030272,
        0.9999994446640865,
        0.9725530618665389,
        0.8419591200590733,
        0.9999956721436761,
        0.9999989370119833,
        0.9999992228580861,
        0.9999944795318242,
        -0.1336991898003665,
        0.9999978423308252,
        0.9999996961111596,
        0.9789748614910865,
        0.9797992436381406,
        0.9999961722881864,
        0.9865336795525942,
        0.9999982704192732,
        -0.24940950585157717,
        0.9309735277794648
    ],