{
  "algorithms": [
    {
      "algorithm": "randomMutationHillClimbing",
      "iterations": 148256005,
      "milliwatts": 32081.55108428125,
      "milliwattsPerIter": 2.856386655721045
    },
    {
      "algorithm": "randomRestartHillClimbing",
      "iterations": 125343234,
      "milliwatts": 31400.159158405248,
      "milliwattsPerIter": 3.3067768212438913
    },
    {
      "algorithm": "stochasticHillClimbing",
      "iterations": 146600423,
      "milliwatts": 31547.28590241757,
      "milliwattsPerIter": 2.8405386927970318
    },
    {
      "algorithm": "simulatedAnnealing",
      "iterations": 144597328,
      "milliwatts": 31222.008079107578,
      "milliwattsPerIter": 2.850194483844266
    }
  ],
  "clusterSequence": [
    10,
    8,
    8,
    4,
    0,
    11,
    0,
    1,
    3,
    1,
    0,
    1,
    3,
    12,
    11,
    1,
    1,
    0,
    1,
    0
  ]
}
